{
    "definition": "[{\"_unique_key\":32,\"widgets\":[{\"_unique_key\":36,\"configuration\":{\"type\":\"section-title\",\"title\":\"Traffic \",\"show_interval\":1,\"width\":20},\"width\":20}]},{\"widgets\":[{\"_unique_key\":9,\"configuration\":{\"type\":\"indicator\",\"icon\":\"ph ph-power\",\"link_text\":\"Manage status\",\"title\":\"Manage status\",\"dimension\":\"indicator@cms_information\",\"data_source\":\"Cms\\\\Classes\\\\CmsStatusDataSource\",\"metric\":null,\"icon_status\":null,\"link_href\":null,\"filters\":[],\"date_interval_days\":null,\"date_interval\":\"dashboard\"},\"width\":4,\"loadedValue\":{\"oc_metric_value\":\"No Value\",\"icon_status\":\"disabled\"}},{\"_unique_key\":14,\"configuration\":{\"type\":\"indicator\",\"icon\":\"ph ph-package\",\"link_text\":\"View available updates\",\"title\":\"System Build\",\"dimension\":\"indicator@version_information\",\"data_source\":\"System\\\\Classes\\\\SystemReportDataSource\",\"metric\":null,\"icon_status\":null,\"link_href\":null,\"filters\":[],\"date_interval_days\":null,\"date_interval\":\"dashboard\"},\"width\":4,\"loadedValue\":{\"oc_metric_value\":\"No Value\",\"icon_status\":\"disabled\"}},{\"_unique_key\":18,\"configuration\":{\"type\":\"indicator\",\"icon\":\"ph ph-gear-fine\",\"link_text\":\"View issues\",\"title\":\"Configuration\",\"dimension\":\"indicator@system_issues\",\"data_source\":\"System\\\\Classes\\\\SystemReportDataSource\",\"metric\":null,\"icon_status\":null,\"link_href\":null,\"filters\":[],\"date_interval_days\":null,\"date_interval\":\"dashboard\"},\"width\":4,\"loadedValue\":{\"oc_metric_value\":\"No Value\",\"icon_status\":\"disabled\"}},{\"_unique_key\":23,\"configuration\":{\"type\":\"indicator\",\"icon\":\"ph ph-bell-ringing\",\"link_text\":\"View event log\",\"title\":\"Event Log\",\"dimension\":\"indicator@event_log\",\"data_source\":\"System\\\\Classes\\\\SystemReportDataSource\",\"metric\":null,\"icon_status\":null,\"link_href\":null,\"filters\":[],\"date_interval_days\":null,\"date_interval\":\"dashboard\"},\"width\":4,\"loadedValue\":{\"oc_metric_value\":\"No Value\",\"icon_status\":\"disabled\"}},{\"_unique_key\":27,\"configuration\":{\"type\":\"indicator\",\"icon\":\"ph ph-signpost\",\"link_text\":\"Bad requests\",\"title\":\"Request Log\",\"dimension\":\"indicator@request_log\",\"data_source\":\"System\\\\Classes\\\\SystemReportDataSource\",\"metric\":null,\"icon_status\":null,\"link_href\":null,\"filters\":[],\"date_interval_days\":null,\"date_interval\":\"dashboard\"},\"width\":4,\"loadedValue\":{\"oc_metric_value\":\"No Value\",\"icon_status\":\"disabled\"}}],\"_unique_key\":5},{\"_unique_key\":57,\"widgets\":[{\"_unique_key\":61,\"configuration\":{\"type\":\"notice\",\"title\":\"Demo Data\",\"notice\":\"The dashboard displays demo CMS traffic data. To purge this demo data, visit the Settings \/ CMS \/ Internal Traffic Statistics page. You can remove this message by editing the dashboard. To do so, click the Gear icon in the toolbar, then select Edit Dashboard to enter Editing mode.\"},\"width\":20}]},{\"_unique_key\":41,\"widgets\":[{\"_unique_key\":45,\"configuration\":{\"type\":\"chart\",\"title\":\"\",\"bar_direction\":null,\"metrics\":[{\"display_totals\":1,\"color\":\"#84cc16\",\"metric\":\"pageviews\"},{\"display_totals\":1,\"color\":\"#0ea5e9\",\"metric\":\"unique_visitors\"}],\"filters\":[],\"date_interval_days\":null,\"chart_type\":\"line\",\"empty_dimension_values\":\"not-set\",\"sort_order\":\"asc\",\"date_interval\":\"dashboard\",\"dimension\":\"date\",\"sort_by\":\"oc_dimension\",\"data_source\":\"Cms\\\\Classes\\\\CmsReportDataSource\"},\"width\":10},{\"_unique_key\":49,\"configuration\":{\"type\":\"table\",\"title\":\"Top Pages\",\"metrics\":[{\"color\":\"#84cc16\",\"metric\":\"pageviews\",\"display_totals\":1,\"display_relative_bar\":1},{\"display_totals\":1,\"display_relative_bar\":1,\"color\":\"#06b6d4\",\"metric\":\"unique_visitors\"}],\"dimension_fields\":[],\"limit\":\"10\",\"filters\":[],\"date_interval_days\":null,\"empty_dimension_values\":\"not-set\",\"sort_order\":\"desc\",\"date_interval\":\"dashboard\",\"dimension\":\"page_path\",\"sort_by\":\"oc_metric-pageviews\",\"data_source\":\"Cms\\\\Classes\\\\CmsReportDataSource\"},\"width\":5},{\"_unique_key\":53,\"configuration\":{\"type\":\"table\",\"title\":\"Top Referral Domains\",\"metrics\":[{\"color\":\"#84cc16\",\"metric\":\"pageviews\",\"display_totals\":1,\"display_relative_bar\":1},{\"display_totals\":1,\"display_relative_bar\":1,\"color\":\"#06b6d4\",\"metric\":\"unique_visitors\"}],\"dimension_fields\":[],\"limit\":\"10\",\"filters\":[],\"date_interval_days\":null,\"empty_dimension_values\":\"not-set\",\"sort_order\":\"desc\",\"date_interval\":\"dashboard\",\"dimension\":\"referral_domain\",\"sort_by\":\"oc_metric-pageviews\",\"data_source\":\"Cms\\\\Classes\\\\CmsReportDataSource\"},\"width\":5}]}]",
    "slug": "traffic-and-status",
    "icon": "ph ph-globe",
    "name": "Traffic and Status",
    "schema": 1
}